{
    "bindings": [
        {
            "authLevel": "function",
            "type": "httpTrigger",
            "direction": "in",
            "name": "req",
            "methods": [
                "post"
            ]
        },
        {
            "type": "http",
            "direction": "out",
            "name": "res"
        },
        {
            "type": "queue",
            "direction": "out",
            "name": "out",
            "queueName": "posted",
            "connection": "Storage"
        }
    ],
    "disabled": false
}